ap name,circle,city,circle code,ont serial number,vendor,mac address,ap manufacturer,connected clients,connected clients (2.4 ghz),connected clients (5 ghz),poor coverage (overall),poor coverage (2.4 ghz),poor coverage (5 ghz),poor snr (2.4 ghz),poor snr (5 ghz),poor snr (overall),low download throughput (overall),low upload throughput (overall),low link speed (overall),low link speed (2.4 ghz),low link speed (5 ghz),high interference (overall),high interference (2.4 ghz),high interference (5 ghz),high client disconnections (overall),high retry rate (overall),high retry rate (2.4 ghz),high retry rate (5 ghz),high tx packet errors (overall),tx packet error (%) (overall),tx packet error (%) (2.4 ghz),tx packet error (%) (5 ghz),high tx packet errors flag (overall),high tx packet errors flag (2.4 ghz),high tx packet errors flag (5 ghz),high rx packet errors (overall),high rx packet errors (2.4 ghz),high rx packet errors (5 ghz),high rx packet errors flag (overall),high rx packet errors flag (2.4 ghz),high rx packet errors flag (5 ghz),downtime (%) (overall),high cpu utilization (overall),memory errors (overall),sticky clients (2.4 ghz - good coverage),sticky clients (5 ghz - poor coverage),poor tot on (5 ghz),zero usage aps (overall),channel utilization (%) (overall),high channel utilization count (overall),total channels (all bands),high channel utilization (2.4 ghz) (%),high channel utilization count (2.4 ghz),total channels (2.4 ghz),high channel congestion (5 ghz) (%),high channel congestion count (5 ghz),total channels (5 ghz),own channel usage ratio (%) (overall),own channel usage ratio count (overall),own channel usage ratio (%) (2.4 ghz),own channel usage ratio count (2.4 ghz),own channel usage ratio (%) (5 ghz),own channel usage ratio count (5 ghz),poor coverage breach (overall),poor coverage breach (2.4 ghz),poor coverage breach (5 ghz),poor snr breach (2.4 ghz),poor snr breach (5 ghz),poor snr breach (overall),low download throughput breach (overall),low upload throughput breach (overall),low link speed breach (overall),low link speed breach (2.4 ghz),low link speed breach (5 ghz),high interference breach (overall),high interference breach (2.4 ghz),high interference breach (5 ghz),high client disconnections breach (overall),high retry rate breach (overall),high retry rate breach (2.4 ghz),high retry rate breach (5 ghz),high tx packet errors breach (overall),tx packet error (%) breach (overall),tx packet error (%) breach (2.4 ghz),tx packet error (%) breach (5 ghz),high rx packet errors breach (overall),high rx packet errors breach (2.4 ghz),high rx packet errors breach (5 ghz),ap downtime (%) breach (overall),internet down incidents breach (overall),high cpu utilization breach (overall),memory errors breach (overall),sticky clients breach (2.4 ghz - good coverage),sticky clients breach (5 ghz - poor coverage),poor tot breach (5 ghz),zero usage aps breach (overall),high channel utilization breach (overall),high channel utilization breach (2.4 ghz),high channel congestion breach (5 ghz),own channel usage ratio breach (overall),own channel usage ratio breach (2.4 ghz),own channel usage ratio breach (5 ghz),obss (overall),obss (2.4 ghz),obss breach (2.4 ghz),obss (5 ghz),obss breach (5 ghz),obss breach (overall),count_of_total_samples_for_ap_with_poor_coverage,count_of_total_samples_for_ap_with_poor_coverage_2,count_of_total_samples_for_ap_with_poor_coverage_5,count_of_total_samples_for_ap_with_poor_snr_sample_2,count_of_total_samples_for_ap_with_poor_snr_sample_5,count_of_total_samples_for_ap_with_poor_snr_sample,count_of_total_samples_for_ap_with_poor_link_speed_mcs_rate,count_of_total_samples_for_ap_with_poor_link_speed_mcs_rate_2,count_of_total_samples_for_ap_with_poor_link_speed_mcs_rate_5,count_of_total_samples_for_ap_with_high_interference,count_of_total_samples_for_ap_with_high_interference_2,count_of_total_samples_for_ap_with_high_interference_5,count_of_total_samples_for_ap_with_high_retry_rate,high retry rate sample count (2.4 ghz),high retry rate sample count (5 ghz),count_of_total_samples_for_ap_with_high_tx_packet_error,count_of_total_samples_for_ap_with_high_tx_packet_error_percent,tx packet error (%) sample count (2.4 ghz),tx packet error (%) sample count (5 ghz),count_of_total_samples_for_ap_with_high_rx_packet_error,high rx packet errors sample count (2.4 ghz),high rx packet errors sample count (5 ghz),count_of_total_samples_for_ap_downtime_per,count_of_total_samples_for_ap_with_high_internet_down_incident,count_of_total_samples_for_ap_with_poor_tot_on_5g,count_of_total_samples_for_ap_with_high_channel_utilisation,count_of_total_samples_for_ap_with_high_channel_utilisation_2,count_of_total_samples_for_ap_with_high_channel_congestion_5,count_of_total_samples_for_channelobss,count_of_total_samples_for_channelobss2_4,count_of_total_samples_for_channelobss5,own channel usage ratio sample count (overall),own channel usage ratio sample count (2.4 ghz),own channel usage ratio sample count (5 ghz),ap,circle_code_no,ont_serial_no,vendor_name,station_mac,client_with_poor_snr_sample,client_with_poor_snr_sample_2,client_with_poor_snr_sample_5,tot_2g,tot_5g,tot_overall,client_with_high_no_of_sticky_client_2_with_good_coverage,client_with_high_no_of_sticky_client_5_with_poor_coverage,client_with_high_tx_packet_error,client_with_high_client_disconnection,client_with_poor_link_speed_mcs_rate,client_with_poor_link_speed_mcs_rate_2,client_with_poor_link_speed_mcs_rate_5,client_with_poor_coverage,client_with_poor_coverage_2,client_with_poor_coverage_5,client_with_poor_dl_throughput_less_than_threshold,client_with_poor_ul_throughput_less_than_threshold,ap_manufacturer,host_name,type,manufacturer,model,client_with_poor_snr_sample_breach,client_with_poor_snr_sample_2_breach,client_with_poor_snr_sample_5_breach,client_with_high_tx_packet_error_breach,client_with_high_client_disconnection_breach,client_with_poor_link_speed_mcs_rate_breach,client_with_poor_link_speed_mcs_rate_2_breach,client_with_poor_link_speed_mcs_rate_5_breach,client_with_poor_coverage_breach,client_with_poor_coverage_2_breach,client_with_poor_coverage_5_breach,count_of_total_samples_for_client_with_poor_snr_sample,count_of_total_samples_for_client_with_poor_snr_sample_2,count_of_total_samples_for_client_with_poor_snr_sample_5,count_of_total_samples_for_ap_tot_2g,count_of_total_samples_for_ap_tot_5g,count_of_total_samples_for_ap_tot_overall,count_of_total_samples_for_client_with_high_tx_packet_error,count_of_total_samples_for_client_with_poor_link_speed_mcs_rate,count_of_total_samples_for_client_with_poor_link_speed_mcs_rate_2,count_of_total_samples_for_client_with_poor_link_speed_mcs_rate_5,count_of_total_samples_for_client_with_poor_coverage,count_of_total_samples_for_client_with_poor_coverage_2,count_of_total_samples_for_client_with_poor_coverage_5,mac_address,station_count,ap_with_poor_coverage,ap_with_poor_coverage_2,ap_with_poor_coverage_5,ap_with_poor_snr_sample,ap_with_poor_snr_sample_2,ap_with_poor_snr_sample_5,ap_with_poor_link_speed_mcs_rate,ap_with_poor_link_speed_mcs_rate_2,ap_with_poor_link_speed_mcs_rate_5,ap_with_high_client_disconnection,ap_with_high_tx_packet_error,ap_with_poor_dl_throughput_less_than_threshold,ap_with_poor_ul_throughput_less_than_threshold,ap_with_high_no_of_sticky_client_2_with_good_coverage,ap_with_high_no_of_sticky_client_5_with_poor_coverage,ap_with_poor_coverage_breach,ap_with_poor_coverage_2_breach,ap_with_poor_coverage_5_breach,ap_with_poor_snr_sample_breach,ap_with_poor_snr_sample_2_breach,ap_with_poor_snr_sample_5_breach,ap_with_poor_link_speed_mcs_rate_breach,ap_with_poor_link_speed_mcs_rate_2_breach,ap_with_poor_link_speed_mcs_rate_5_breach,ap_with_high_client_disconnection_breach,ap_with_high_tx_packet_error_breach,ap_with_high_interference,ap_with_high_interference_2,ap_with_high_interference_5,ap_with_high_retry_rate,ap_with_high_tx_packet_error_percent,ap_with_high_tx_packet_error_flag,ap_with_high_rx_packet_error,ap_with_high_rx_packet_error_flag,ap_downtime_per,ap_with_high_cpu_utilisation,ap_with_high_memory_packet_error,ap_with_poor_tot_on_5g,ap_with_zero_usage,ap_with_high_channel_utilisation_pct,ap_with_high_channel_utilisation_count,total_channels_all,ap_with_high_channel_utilisation_2_pct,ap_with_high_channel_utilisation_2_count,total_channels_2,ap_with_high_channel_congestion_5_pct,ap_with_high_channel_congestion_5_count,total_channels_5,channelobss,ap_with_poor_dl_throughput_less_than_threshold_breach,ap_with_poor_ul_throughput_less_than_threshold_breach,ap_with_high_interference_breach,ap_with_high_interference_2_breach,ap_with_high_interference_5_breach,ap_with_high_retry_rate_breach,ap_with_high_tx_packet_error_percent_breach,ap_with_high_rx_packet_error_breach,ap_downtime_per_breach,ap_with_high_internet_down_incident_breach,ap_with_high_cpu_utilisation_breach,ap_with_high_memory_packet_error_breach,ap_with_high_no_of_sticky_client_2_with_good_coverage_breach,ap_with_high_no_of_sticky_client_5_with_poor_coverage_breach,ap_with_zero_usage_breach,ap_with_high_channel_congestion_5_breach,channelobss_breach
01246472327_dsl,Haryana,Gurgaon,108.0,NKOTA0000592,NOKIA,0C36234FB190,AOT4221NK,5.0,0.0,5.0,0.0,,0.0,0.0,0.0,0.0,18.7,0.76,0.18,0.0,0.18,4.04,8.97,1.48,51.0,0.0,0.0,0.0,0.0,0.0,0.0,0.0,0.0,0.0,0.0,0.0,0.0,0.0,0.0,0.0,0.0,,2.0,0.0,0.0,0.0,100.0,16912492544.0,5.26,2.0,38.0,7.69,1.0,13.0,4.0,1.0,25.0,0.0,0.0,0.0,0.0,0.0,0.0,False,,False,False,False,False,False,True,False,False,False,False,False,False,True,False,False,False,False,False,False,False,False,False,False,,,True,False,False,False,False,False,False,False,False,False,False,False,100.0,1.85,False,0.0,False,True,4413.0,0.0,4413.0,0.0,70608.0,70608.0,4413.0,,4413.0,2052.0,702.0,1350.0,309.0,78.0,231.0,4413.0,312.0,78.0,234.0,312.0,78.0,234.0,,,16912492544.0,38.0,13.0,25.0,108.0,54.0,54.0,38.0,13.0,25.0,01246472327_dsl,108.0,NKOTA0000592,NOKIA,,,,,,,,,,,,,,,,,,,,AOT4221NK,,,,,,,,,,,,,,,,,,,,,,,,,,,,,0C36234FB190,5.0,0.0,,0.0,0.0,0.0,0.0,0.18,0.0,0.18,51.0,0.0,18.7,0.76,0.0,0.0,False,,False,False,False,False,False,False,False,True,False,4.04,8.97,1.48,0.0,0.0,0.0,0.0,0.0,,2.0,0.0,100.0,16912492544.0,5.26,2.0,38.0,7.69,1.0,13.0,4.0,1.0,25.0,100.0,False,True,False,False,False,False,False,False,,,True,False,False,False,False,False,True
012447957675_dsl,Haryana,Gurgaon,108.0,ZYOT5E069474,NOKIA,6C4F8905E11B,AOT5221ZY,10.0,1.0,10.0,0.0,0.0,0.0,0.0,0.0,0.0,204.45,253.15,0.82,66.67,0.02,91.46,92.07,90.91,25.0,0.0,0.0,0.0,0.0,0.0,0.0,0.0,0.0,0.0,0.0,0.0,0.0,0.0,0.0,0.0,0.0,,,,0.0,0.0,100.0,30511477760.0,4.35,1.0,23.0,9.09,1.0,11.0,0.0,0.0,12.0,0.0,0.0,0.0,0.0,0.0,0.0,False,False,False,False,False,False,False,False,False,True,False,True,True,True,True,False,False,False,False,False,False,False,False,False,False,,,,,False,False,False,False,False,False,False,False,False,False,62.26,25.45,False,0.0,False,True,4532.0,54.0,4478.0,0.0,71648.0,71648.0,4532.0,54.0,4478.0,1265.0,605.0,660.0,237.0,79.0,158.0,4532.0,232.0,79.0,153.0,237.0,79.0,158.0,,,30511477760.0,23.0,11.0,12.0,106.0,55.0,51.0,23.0,11.0,12.0,012447957675_dsl,108.0,ZYOT5E069474,NOKIA,,,,,,,,,,,,,,,,,,,,AOT5221ZY,,,,,,,,,,,,,,,,,,,,,,,,,,,,,6C4F8905E11B,10.0,0.0,0.0,0.0,0.0,0.0,0.0,0.82,66.67,0.02,25.0,0.0,204.45,253.15,0.0,0.0,False,False,False,False,False,False,False,True,False,True,False,91.46,92.07,90.91,0.0,0.0,0.0,0.0,0.0,,,,100.0,30511477760.0,4.35,1.0,23.0,9.09,1.0,11.0,0.0,0.0,12.0,62.26,False,False,True,True,True,False,False,False,,,,,False,False,False,False,True
01244081160_dsl,Haryana,Gurgaon,108.0,NKOT0F01CE6F,NOKIA,2CC1F432FE41,AOT4221NK,5.0,1.0,5.0,0.0,0.0,0.0,0.0,0.0,0.0,4.05,0.54,9.57,100.0,8.88,7.9,23.17,0.0,93.0,0.0,0.0,0.0,0.0,0.0,0.0,0.0,0.0,0.0,0.0,0.0,0.0,0.0,0.0,0.0,0.0,,3.0,0.0,0.0,0.0,99.98,21426272256.0,7.89,3.0,38.0,23.08,3.0,13.0,0.0,0.0,25.0,0.0,0.0,0.0,0.0,0.0,0.0,False,False,False,False,False,False,False,True,False,True,False,False,False,False,True,False,False,False,False,False,False,False,False,False,False,,,True,False,False,False,False,False,False,False,False,False,False,False,68.63,68.63,True,0.0,False,True,3176.0,24.0,3152.0,0.0,50432.0,50432.0,3176.0,24.0,3152.0,1923.0,656.0,1267.0,142.0,71.0,71.0,3176.0,142.0,71.0,71.0,142.0,71.0,71.0,,,21426272256.0,38.0,13.0,25.0,102.0,51.0,51.0,38.0,13.0,25.0,01244081160_dsl,108.0,NKOT0F01CE6F,NOKIA,,,,,,,,,,,,,,,,,,,,AOT4221NK,,,,,,,,,,,,,,,,,,,,,,,,,,,,,2CC1F432FE41,5.0,0.0,0.0,0.0,0.0,0.0,0.0,9.57,100.0,8.88,93.0,0.0,4.05,0.54,0.0,0.0,False,False,False,False,False,False,False,True,False,True,False,7.9,23.17,0.0,0.0,0.0,0.0,0.0,0.0,,3.0,0.0,99.98,21426272256.0,7.89,3.0,38.0,23.08,3.0,13.0,0.0,0.0,25.0,68.63,False,True,False,False,False,False,False,False,,,True,False,False,False,False,False,True
01244054723_dsl,Haryana,Gurgaon,108.0,NKOT0F0226EE,NOKIA,2CC1F4388631,AAP321NK,12.0,5.0,10.0,0.45,1.47,0.02,0.0,0.02,0.02,11.65,2.1,27.55,81.14,4.82,1.1,2.95,0.16,543.0,0.0,0.0,0.0,0.0,0.0,0.0,0.0,0.0,0.0,0.0,0.0,0.0,0.0,0.0,0.0,0.0,,1.0,0.0,0.0,1.0,86.07,40443997184.0,0.0,0.0,38.0,0.0,0.0,13.0,0.0,0.0,25.0,0.0,0.0,0.0,0.0,0.0,0.0,False,False,False,False,False,False,False,False,False,True,False,False,False,False,True,False,False,False,False,False,False,False,False,False,False,,,True,False,False,False,False,False,False,False,False,False,False,False,63.37,23.76,False,0.0,False,True,5945.0,1771.0,4174.0,0.0,66784.0,66640.0,5945.0,1771.0,4174.0,3815.0,1290.0,2525.0,596.0,149.0,447.0,5945.0,595.0,148.0,447.0,596.0,149.0,447.0,,,40443997184.0,38.0,13.0,25.0,202.0,101.0,101.0,38.0,13.0,25.0,01244054723_dsl,108.0,NKOT0F0226EE,NOKIA,,,,,,,,,,,,,,,,,,,,AAP321NK,,,,,,,,,,,,,,,,,,,,,,,,,,,,,2CC1F4388631,12.0,0.45,1.47,0.02,0.02,0.0,0.02,27.55,81.14,4.82,543.0,0.0,11.65,2.1,0.0,1.0,False,False,False,False,False,False,False,True,False,True,False,1.1,2.95,0.16,0.0,0.0,0.0,0.0,0.0,,1.0,0.0,86.07,40443997184.0,0.0,0.0,38.0,0.0,0.0,13.0,0.0,0.0,25.0,63.37,False,False,False,False,False,False,False,False,,,True,False,False,False,False,False,True
012444903348_dsl,Haryana,Gurgaon,108.0,NKOT0F01CE7E,NOKIA,BC515FA88F33,AOT4221NK,14.0,2.0,13.0,1.11,15.09,0.7,1.89,0.0,0.0,4747.7,134.1,11.08,64.62,9.5,0.97,2.85,0.0,161.0,0.0,0.0,0.0,0.0,0.0,0.0,0.0,0.0,0.0,0.0,0.0,0.0,0.0,0.0,0.0,0.0,,14.0,0.0,0.0,0.0,92.29,40869353217.0,0.0,0.0,38.0,0.0,0.0,13.0,0.0,0.0,25.0,0.0,0.0,0.0,0.0,0.0,0.0,False,False,False,False,False,False,False,False,False,True,False,False,False,False,True,False,False,False,False,False,False,False,False,False,False,,,True,False,False,False,False,False,False,False,False,False,False,False,95.54,0.6,False,0.0,False,True,7371.0,212.0,7159.0,3392.0,0.0,32.0,7371.0,212.0,7159.0,6370.0,2174.0,4196.0,1010.0,264.0,746.0,7371.0,996.0,264.0,732.0,1005.0,261.0,744.0,,,40869353217.0,38.0,13.0,25.0,336.0,168.0,168.0,38.0,13.0,25.0,012444903348_dsl,108.0,NKOT0F01CE7E,NOKIA,,,,,,,,,,,,,,,,,,,,AOT4221NK,,,,,,,,,,,,,,,,,,,,,,,,,,,,,BC515FA88F33,14.0,1.11,15.09,0.7,0.0,1.89,0.0,11.08,64.62,9.5,161.0,0.0,4747.7,134.1,0.0,0.0,False,False,False,False,False,False,False,True,False,True,False,0.97,2.85,0.0,0.0,0.0,0.0,0.0,0.0,,14.0,0.0,92.29,40869353217.0,0.0,0.0,38.0,0.0,0.0,13.0,0.0,0.0,25.0,95.54,False,False,False,False,False,False,False,False,,,True,False,False,False,False,False,True
012444801137_dsl,Haryana,Gurgaon,108.0,NKOTDF000165,NOKIA,2CC1F4D2878F,AAP321NK,17.0,7.0,11.0,0.06,0.04,0.07,0.0,0.0,0.0,14.02,0.8,20.37,56.12,7.71,3.82,10.18,0.52,97.0,0.0,0.0,0.0,0.0,0.0,0.0,0.0,0.0,0.0,0.0,0.0,0.0,0.0,0.0,0.0,0.0,,6.0,0.0,2.0,0.0,99.67,25614328191.0,0.0,0.0,38.0,0.0,0.0,13.0,0.0,0.0,25.0,0.0,0.0,0.0,0.0,0.0,0.0,False,False,False,False,False,False,False,True,False,False,False,False,False,False,True,False,False,False,False,False,False,False,False,False,False,,,True,False,False,False,False,False,False,False,False,False,False,False,65.0,15.29,False,0.0,False,True,9404.0,2461.0,6943.0,0.0,111088.0,34880.0,9404.0,2461.0,6943.0,6460.0,2210.0,4250.0,963.0,242.0,721.0,9404.0,967.0,242.0,725.0,968.0,242.0,726.0,,,25614328191.0,38.0,13.0,25.0,340.0,170.0,170.0,38.0,13.0,25.0,012444801137_dsl,108.0,NKOTDF000165,NOKIA,,,,,,,,,,,,,,,,,,,,AAP321NK,,,,,,,,,,,,,,,,,,,,,,,,,,,,,2CC1F4D2878F,17.0,0.06,0.04,0.07,0.0,0.0,0.0,20.37,56.12,7.71,97.0,0.0,14.02,0.8,2.0,0.0,False,False,False,False,False,False,False,False,False,True,False,3.82,10.18,0.52,0.0,0.0,0.0,0.0,0.0,,6.0,0.0,99.67,25614328191.0,0.0,0.0,38.0,0.0,0.0,13.0,0.0,0.0,25.0,65.0,False,True,False,False,False,False,False,False,,,True,False,False,False,False,False,True
01244203817_dsl,Haryana,Gurgaon,108.0,ZYOT2E000479,NOKIA,5807F84FAB41,AAP321NK,2.0,1.0,1.0,1.27,6.9,0.0,0.0,0.0,0.0,0.96,0.04,12.66,68.97,0.0,0.0,0.0,0.0,529.0,0.0,0.0,0.0,0.0,0.0,0.0,0.0,0.0,0.0,0.0,0.0,0.0,0.0,0.0,0.0,0.0,,3.0,0.0,0.0,0.0,8.98,675287040.0,0.0,0.0,38.0,0.0,0.0,13.0,0.0,0.0,25.0,0.0,0.0,0.0,0.0,0.0,0.0,False,False,False,False,False,False,True,True,False,True,False,False,False,False,True,False,False,False,False,False,False,False,False,False,False,,,True,False,False,False,True,False,False,False,False,False,False,False,50.0,0.0,False,0.0,False,False,158.0,29.0,129.0,0.0,2064.0,2064.0,158.0,29.0,129.0,2077.0,707.0,1370.0,212.0,79.0,133.0,158.0,212.0,79.0,133.0,210.0,78.0,132.0,,,675287040.0,38.0,13.0,25.0,110.0,55.0,55.0,38.0,13.0,25.0,01244203817_dsl,108.0,ZYOT2E000479,NOKIA,,,,,,,,,,,,,,,,,,,,AAP321NK,,,,,,,,,,,,,,,,,,,,,,,,,,,,,5807F84FAB41,2.0,1.27,6.9,0.0,0.0,0.0,0.0,12.66,68.97,0.0,529.0,0.0,0.96,0.04,0.0,0.0,False,False,False,False,False,False,False,True,False,True,False,0.0,0.0,0.0,0.0,0.0,0.0,0.0,0.0,,3.0,0.0,8.98,675287040.0,0.0,0.0,38.0,0.0,0.0,13.0,0.0,0.0,25.0,50.0,True,True,False,False,False,False,False,False,,,True,False,False,False,False,False,False
01246232448_dsl,Haryana,Gurgaon,108.0,NKOT2F045EF1,NOKIA,BC515F71CB63,AAP321NK,7.0,3.0,6.0,2.8,11.25,2.5,0.0,0.97,0.0,8.33,0.26,12.66,36.25,11.81,6.5,18.99,0.0,143.0,0.0,0.0,0.0,0.0,0.0,0.0,0.0,0.0,0.0,0.0,0.0,0.0,0.0,0.0,0.0,0.0,,3.0,0.0,0.0,1.0,73.85,23910552576.0,10.53,4.0,38.0,30.77,4.0,13.0,0.0,0.0,25.0,0.0,0.0,0.0,0.0,0.0,0.0,False,False,False,False,False,False,False,True,False,False,False,False,False,False,True,False,False,False,False,False,False,False,False,False,False,,,True,False,False,False,False,False,False,False,False,False,False,False,77.64,69.14,True,0.0,False,True,2323.0,80.0,2243.0,0.0,27994.0,24518.0,2323.0,80.0,2243.0,6156.0,2106.0,4050.0,936.0,234.0,702.0,2323.0,926.0,230.0,696.0,936.0,234.0,702.0,,,23910552576.0,38.0,13.0,25.0,322.0,162.0,160.0,38.0,13.0,25.0,01246232448_dsl,108.0,NKOT2F045EF1,NOKIA,,,,,,,,,,,,,,,,,,,,AAP321NK,,,,,,,,,,,,,,,,,,,,,,,,,,,,,BC515F71CB63,7.0,2.8,11.25,2.5,0.0,0.0,0.97,12.66,36.25,11.81,143.0,0.0,8.33,0.26,0.0,1.0,False,False,False,False,False,False,False,False,False,True,False,6.5,18.99,0.0,0.0,0.0,0.0,0.0,0.0,,3.0,0.0,73.85,23910552576.0,10.53,4.0,38.0,30.77,4.0,13.0,0.0,0.0,25.0,77.64,False,True,False,False,False,False,False,False,,,True,False,False,False,False,False,True
012436398608_dsl,Haryana,Gurgaon,108.0,NKOTDF0001E7,NOKIA,5807F84FA491,AAP321NK,12.0,5.0,11.0,1.34,1.07,1.38,0.0,0.78,2.63,8.52,1.7,11.41,49.46,6.43,0.8,2.24,0.04,93.0,0.0,0.0,0.0,0.0,0.0,0.0,0.0,0.0,0.0,0.0,0.0,0.0,0.0,0.0,0.0,0.0,,,,1.0,0.0,83.72,60888133632.0,0.0,0.0,38.0,0.0,0.0,13.0,0.0,0.0,25.0,0.0,0.0,0.0,0.0,0.0,0.0,False,False,False,False,False,False,False,False,False,False,False,False,False,False,True,False,False,False,False,False,False,False,False,False,False,,,,,False,False,False,False,False,False,False,False,False,False,61.97,0.93,False,0.0,False,True,4838.0,560.0,4278.0,0.0,68448.0,20320.0,4838.0,560.0,4278.0,4011.0,1387.0,2624.0,617.0,155.0,462.0,4838.0,612.0,155.0,457.0,617.0,155.0,462.0,,,60888133632.0,38.0,13.0,25.0,213.0,107.0,106.0,38.0,13.0,25.0,012436398608_dsl,108.0,NKOTDF0001E7,NOKIA,,,,,,,,,,,,,,,,,,,,AAP321NK,,,,,,,,,,,,,,,,,,,,,,,,,,,,,5807F84FA491,12.0,1.34,1.07,1.38,2.63,0.0,0.78,11.41,49.46,6.43,93.0,0.0,8.52,1.7,1.0,0.0,False,False,False,False,False,False,False,False,False,True,False,0.8,2.24,0.04,0.0,0.0,0.0,0.0,0.0,,,,83.72,60888133632.0,0.0,0.0,38.0,0.0,0.0,13.0,0.0,0.0,25.0,61.97,False,False,False,False,False,False,False,False,,,,,False,False,False,False,True
012445159575_dsl,Haryana,Gurgaon,108.0,ZYOTFD000042,NOKIA,F80DA96AE5C8,AOT5221ZY,4.0,1.0,3.0,47.03,0.0,47.57,0.0,52.92,52.92,6.1,0.22,12.57,0.0,12.71,82.69,90.91,75.15,7.0,0.0,0.0,0.0,0.0,0.0,0.0,0.0,0.0,0.0,0.0,0.0,0.0,0.0,0.0,0.0,0.0,,,,0.0,0.0,100.0,74325605376.0,0.0,0.0,23.0,0.0,0.0,11.0,0.0,0.0,12.0,0.0,0.0,0.0,0.0,0.0,0.0,False,False,False,False,False,False,False,True,False,False,False,True,True,True,True,False,False,False,False,False,False,False,False,False,False,,,,,False,False,False,False,False,False,False,False,False,False,51.92,1.92,False,0.0,False,True,2371.0,27.0,2344.0,0.0,37504.0,37504.0,2371.0,27.0,2344.0,1265.0,605.0,660.0,234.0,78.0,156.0,2371.0,197.0,78.0,119.0,234.0,78.0,156.0,,,74325605376.0,23.0,11.0,12.0,104.0,52.0,52.0,23.0,11.0,12.0,012445159575_dsl,108.0,ZYOTFD000042,NOKIA,,,,,,,,,,,,,,,,,,,,AOT5221ZY,,,,,,,,,,,,,,,,,,,,,,,,,,,,,F80DA96AE5C8,4.0,47.03,0.0,47.57,52.92,0.0,52.92,12.57,0.0,12.71,7.0,0.0,6.1,0.22,0.0,0.0,False,False,False,False,False,False,False,False,False,True,False,82.69,90.91,75.15,0.0,0.0,0.0,0.0,0.0,,,,100.0,74325605376.0,0.0,0.0,23.0,0.0,0.0,11.0,0.0,0.0,12.0,51.92,False,True,True,True,True,False,False,False,,,,,False,False,False,False,True
012447862103_dsl,Haryana,Gurgaon,108.0,ZYOTB0900020,NOKIA,C02E5FAD7669,AOT5222ZY,3.0,0.0,3.0,0.0,,0.0,0.0,0.0,0.0,2068.7,0.31,0.0,0.0,0.0,77.94,90.24,66.67,0.0,0.0,0.0,0.0,0.0,0.0,0.0,0.0,0.0,0.0,0.0,0.0,0.0,0.0,0.0,0.0,0.0,,,,,,100.0,17780804160512.0,0.0,0.0,23.0,0.0,0.0,11.0,0.0,0.0,12.0,0.0,0.0,0.0,0.0,0.0,0.0,False,,False,False,False,False,False,True,False,False,False,True,True,True,False,False,False,False,False,False,False,False,False,False,False,,,,,,,False,False,False,False,False,False,False,False,57.41,0.0,False,0.0,False,True,2786.0,0.0,2786.0,0.0,44576.0,44576.0,2786.0,,2786.0,1242.0,594.0,648.0,231.0,77.0,154.0,2786.0,202.0,77.0,125.0,231.0,77.0,154.0,,,17780804160512.0,23.0,11.0,12.0,108.0,54.0,54.0,23.0,11.0,12.0,012447862103_dsl,108.0,ZYOTB0900020,NOKIA,,,,,,,,,,,,,,,,,,,,AOT5222ZY,,,,,,,,,,,,,,,,,,,,,,,,,,,,,C02E5FAD7669,3.0,0.0,,0.0,0.0,0.0,0.0,0.0,0.0,0.0,0.0,0.0,2068.7,0.31,,,False,,False,False,False,False,False,False,False,False,False,77.94,90.24,66.67,0.0,0.0,0.0,0.0,0.0,,,,100.0,17780804160512.0,0.0,0.0,23.0,0.0,0.0,11.0,0.0,0.0,12.0,57.41,False,True,True,True,True,False,False,False,,,,,,,False,False,True
012421019184_wifi,Haryana,Gurgaon,108.0,ZYOTB0900058,NOKIA,C02E5FAD7799,AOT5222ZY,6.0,3.0,5.0,0.33,45.0,0.03,0.0,0.03,0.03,1714.9,661.66,0.03,5.0,0.0,91.47,91.26,91.67,0.0,0.0,0.0,0.0,0.0,0.0,0.0,0.0,0.0,0.0,0.0,0.0,0.0,0.0,0.0,0.0,0.0,,,,0.0,0.0,100.0,18105935796224.0,0.0,0.0,23.0,0.0,0.0,11.0,0.0,0.0,12.0,0.0,0.0,0.0,0.0,0.0,0.0,False,False,False,False,False,False,False,False,False,False,False,True,True,True,False,False,False,False,False,False,False,False,False,False,False,,,,,False,False,False,False,False,False,False,False,False,False,66.35,7.69,False,1.92,False,True,3030.0,20.0,3010.0,0.0,48160.0,48160.0,3030.0,20.0,3010.0,1196.0,572.0,624.0,228.0,76.0,152.0,3030.0,162.0,73.0,89.0,228.0,76.0,152.0,,,18105935796224.0,23.0,11.0,12.0,104.0,52.0,52.0,23.0,11.0,12.0,012421019184_wifi,108.0,ZYOTB0900058,NOKIA,,,,,,,,,,,,,,,,,,,,AOT5222ZY,,,,,,,,,,,,,,,,,,,,,,,,,,,,,C02E5FAD7799,6.0,0.33,45.0,0.03,0.03,0.0,0.03,0.03,5.0,0.0,0.0,0.0,1714.9,661.66,0.0,0.0,False,False,False,False,False,False,False,False,False,False,False,91.47,91.26,91.67,0.0,0.0,0.0,0.0,0.0,,,,100.0,18105935796224.0,0.0,0.0,23.0,0.0,0.0,11.0,0.0,0.0,12.0,66.35,False,False,True,True,True,False,False,False,,,,,False,False,False,False,True
,Karnataka,Bangalore,,,,,,,,,,,,,,,,,,,,,,,,,,,,,,,,,,,,,,,,,,,,,,,,,,,,,,,,,,,,,,,,,,,,,,,,,,,,,,,,,,,,,,,,,,,,,,,,,,,,,,,,,,,8.0,8.0,0.0,120.0,0.0,120.0,8.0,8.0,,,,,,,,8.0,,,,,,,,,,,,,,,,,,,080101842220_kk,105.0,ZYOTEF108503,NOKIA,1A22052D73A0,50.0,50.0,0.0,100.0,0.0,35.85,,,0.0,,100.0,100.0,0.0,100.0,100.0,,0.36,0.1,AOT5221ZY,,,,,False,False,False,False,,True,True,False,True,True,,120.0,120.0,0.0,234217472.0,234217472.0,653375488.0,8.0,8.0,8.0,,8.0,8.0,0.0,,,100.0,100.0,,50.0,50.0,0.0,100.0,100.0,0.0,,0.0,0.36,0.1,,,True,True,,False,False,False,True,True,False,,False,,,,,,,,,,,,,,,,,,,,,,,,,,,,,,,,,,,,,,,,
,Karnataka,Bangalore,,,,,,,,,,,,,,,,,,,,,,,,,,,,,,,,,,,,,,,,,,,,,,,,,,,,,,,,,,,,,,,,,,,,,,,,,,,,,,,,,,,,,,,,,,,,,,,,,,,,,,,,,,,47.0,9.0,38.0,144.0,0.0,144.0,47.0,9.0,38.0,,,,,,,47.0,,,,,,,,,,,,,,,,,,,08021305959_wifi,105.0,ZYOTAF220521,NOKIA,32F539166D8D,11.11,11.11,0.0,70.25,29.75,2.14,False,False,0.0,3.0,72.34,55.56,76.32,4.26,11.11,2.63,15.75,0.59,AOT5221ZY,Unknown_32:f5:39:16:6d:8d,OTHER,,,False,False,False,False,False,True,False,True,False,False,False,144.0,144.0,0.0,3826483200.0,3826483200.0,178603381760.0,47.0,47.0,9.0,38.0,47.0,9.0,38.0,,,4.26,11.11,2.63,11.11,11.11,0.0,72.34,55.56,76.32,3.0,0.0,15.75,0.59,False,False,False,False,False,False,False,False,True,False,True,False,False,,,,,,,,,,,,,,,,,,,,,,,,,,,,,,,,,,,,,,,,
,Karnataka,Bangalore,,,,,,,,,,,,,,,,,,,,,,,,,,,,,,,,,,,,,,,,,,,,,,,,,,,,,,,,,,,,,,,,,,,,,,,,,,,,,,,,,,,,,,,,,,,,,,,,,,,,,,,,,,,683.0,0.0,683.0,,,,683.0,,683.0,,,,,,,683.0,,,,,,,,,,,,,,,,,,,080101842220_kk,105.0,ZYOTEF108503,NOKIA,AE4316174644,,,,0.0,100.0,37.34,,,0.0,,0.0,0.0,0.0,0.0,,0.0,223.58,10.92,AOT5221ZY,,,,,,,,False,,False,False,False,False,,False,,,,243975168.0,243975168.0,653375488.0,683.0,683.0,,683.0,683.0,0.0,683.0,,,0.0,,0.0,,,,0.0,0.0,0.0,,0.0,223.58,10.92,,,False,,False,,,,False,False,False,,False,,,,,,,,,,,,,,,,,,,,,,,,,,,,,,,,,,,,,,,,
,Karnataka,Bangalore,,,,,,,,,,,,,,,,,,,,,,,,,,,,,,,,,,,,,,,,,,,,,,,,,,,,,,,,,,,,,,,,,,,,,,,,,,,,,,,,,,,,,,,,,,,,,,,,,,,,,,,,,,,397.0,245.0,152.0,3920.0,0.0,3920.0,397.0,245.0,152.0,,,,,,,397.0,,,,,,,,,,,,,,,,,,,08021305959_wifi,105.0,ZYOTAF220521,NOKIA,F6D92C214579,6.12,6.12,0.0,2.08,97.92,7.39,False,False,0.0,2.0,90.43,95.92,81.58,4.28,6.12,1.32,24.52,5.62,AOT5221ZY,Unknown_f6:d9:2c:21:45:79,,,,False,False,False,False,False,True,True,True,False,False,False,3920.0,3920.0,0.0,13199531008.0,13199531008.0,178603381760.0,397.0,397.0,245.0,152.0,397.0,245.0,152.0,,,4.28,6.12,1.32,6.12,6.12,0.0,90.43,95.92,81.58,2.0,0.0,24.52,5.62,False,False,False,False,False,False,False,False,True,True,True,False,False,,,,,,,,,,,,,,,,,,,,,,,,,,,,,,,,,,,,,,,,
,Karnataka,Bangalore,,,,,,,,,,,,,,,,,,,,,,,,,,,,,,,,,,,,,,,,,,,,,,,,,,,,,,,,,,,,,,,,,,,,,,,,,,,,,,,,,,,,,,,,,,,,,,,,,,,,,,,,,,,8.0,0.0,8.0,,,,8.0,,8.0,,,,,,,8.0,,,,,,,,,,,,,,,,,,,08021305959_wifi,105.0,ZYOTAF220521,NOKIA,20BD1D920B30,,,,0.0,100.0,1.87,,,0.0,,50.0,0.0,50.0,0.0,,0.0,4.84,0.3,AOT5221ZY,,,,,,,,False,,False,False,False,False,,False,,,,3341701120.0,3341701120.0,178603381760.0,8.0,8.0,,8.0,8.0,0.0,8.0,,,0.0,,0.0,,,,50.0,0.0,50.0,,0.0,4.84,0.3,,,False,,False,,,,False,False,False,,False,,,,,,,,,,,,,,,,,,,,,,,,,,,,,,,,,,,,,,,,
,Karnataka,Bangalore,,,,,,,,,,,,,,,,,,,,,,,,,,,,,,,,,,,,,,,,,,,,,,,,,,,,,,,,,,,,,,,,,,,,,,,,,,,,,,,,,,,,,,,,,,,,,,,,,,,,,,,,,,,997.0,925.0,72.0,14800.0,0.0,14800.0,997.0,925.0,72.0,,,,,,,997.0,,,,,,,,,,,,,,,,,,,08021305959_wifi,105.0,ZYOTAF220521,NOKIA,6E0716AE4D0E,0.0,0.0,0.0,99.51,0.49,0.03,False,False,0.0,0.0,92.78,100.0,0.0,0.0,0.0,0.0,0.37,0.03,AOT5221ZY,Galaxy-Tab-A8,TABLET,Samsung Electronics,Galaxy Tab,False,False,False,False,False,True,True,False,False,False,False,14800.0,14800.0,0.0,52633600.0,52633600.0,178603381760.0,997.0,997.0,925.0,72.0,997.0,925.0,72.0,,,0.0,0.0,0.0,0.0,0.0,0.0,92.78,100.0,0.0,0.0,0.0,0.37,0.03,False,False,False,False,False,False,False,False,True,True,False,False,False,,,,,,,,,,,,,,,,,,,,,,,,,,,,,,,,,,,,,,,,
,Karnataka,Bangalore,,,,,,,,,,,,,,,,,,,,,,,,,,,,,,,,,,,,,,,,,,,,,,,,,,,,,,,,,,,,,,,,,,,,,,,,,,,,,,,,,,,,,,,,,,,,,,,,,,,,,,,,,,,244.0,0.0,244.0,,,,244.0,,244.0,,,,,,,244.0,,,,,,,,,,,,,,,,,,,08021305959_wifi,105.0,ZYOTAF220521,NOKIA,4663C272B38F,,,,0.0,100.0,0.01,False,False,0.0,0.0,0.0,0.0,0.0,0.0,,0.0,0.02,0.01,AOT5221ZY,AZYAPBE000049783,OTHER,,,,,,False,False,False,False,False,False,,False,,,,25989120.0,25989120.0,178603381760.0,244.0,244.0,,244.0,244.0,0.0,244.0,,,0.0,,0.0,,,,0.0,0.0,0.0,0.0,0.0,0.02,0.01,False,False,False,,False,,,,False,False,False,False,False,,,,,,,,,,,,,,,,,,,,,,,,,,,,,,,,,,,,,,,,
,Karnataka,Bangalore,,,,,,,,,,,,,,,,,,,,,,,,,,,,,,,,,,,,,,,,,,,,,,,,,,,,,,,,,,,,,,,,,,,,,,,,,,,,,,,,,,,,,,,,,,,,,,,,,,,,,,,,,,,311.0,0.0,311.0,,,,311.0,,311.0,,,,,,,311.0,,,,,,,,,,,,,,,,,,,080101842220_kk,105.0,ZYOTEF108503,NOKIA,32BD1372F2AF,,,,0.0,100.0,18.4,,,0.0,,0.0,0.0,0.0,0.0,,0.0,0.0,0.09,AOT5221ZY,,,,,,,,False,,False,False,False,False,,False,,,,120205312.0,120205312.0,653375488.0,311.0,311.0,,311.0,311.0,0.0,311.0,,,0.0,,0.0,,,,0.0,0.0,0.0,,0.0,0.0,0.09,,,False,,False,,,,False,False,False,,False,,,,,,,,,,,,,,,,,,,,,,,,,,,,,,,,,,,,,,,,
,Karnataka,Bangalore,,,,,,,,,,,,,,,,,,,,,,,,,,,,,,,,,,,,,,,,,,,,,,,,,,,,,,,,,,,,,,,,,,,,,,,,,,,,,,,,,,,,,,,,,,,,,,,,,,,,,,,,,,,429.0,0.0,429.0,,,,429.0,,429.0,,,,,,,429.0,,,,,,,,,,,,,,,,,,,080101842220_kk,105.0,ZYOTEF108503,NOKIA,CE7D45FCD973,,,,0.0,100.0,1.06,,,0.0,,0.0,0.0,0.0,0.0,,0.0,0.0,0.0,AOT5221ZY,,,,,,,,False,,False,False,False,False,,False,,,,6916096.0,6916096.0,653375488.0,429.0,429.0,,429.0,429.0,0.0,429.0,,,0.0,,0.0,,,,0.0,0.0,0.0,,0.0,0.0,0.0,,,False,,False,,,,False,False,False,,False,,,,,,,,,,,,,,,,,,,,,,,,,,,,,,,,,,,,,,,,
,Karnataka,Bangalore,,,,,,,,,,,,,,,,,,,,,,,,,,,,,,,,,,,,,,,,,,,,,,,,,,,,,,,,,,,,,,,,,,,,,,,,,,,,,,,,,,,,,,,,,,,,,,,,,,,,,,,,,,,33.0,33.0,0.0,528.0,0.0,528.0,33.0,33.0,,,,,,,,33.0,,,,,,,,,,,,,,,,,,,08021305959_wifi,105.0,ZYOTAF220521,NOKIA,4CD08A27B0E4,0.0,0.0,0.0,100.0,0.0,0.0,False,False,0.0,61.0,100.0,100.0,0.0,0.0,0.0,,0.02,0.04,AOT5221ZY,HNS-200_B0E4,,,,False,False,False,False,True,True,True,False,False,False,,528.0,528.0,0.0,357376.0,357376.0,178603381760.0,33.0,33.0,33.0,,33.0,33.0,0.0,,,0.0,0.0,,0.0,0.0,0.0,100.0,100.0,0.0,61.0,0.0,0.02,0.04,False,False,False,False,,False,False,False,True,True,False,True,False,,,,,,,,,,,,,,,,,,,,,,,,,,,,,,,,,,,,,,,,
,Karnataka,Bangalore,,,,,,,,,,,,,,,,,,,,,,,,,,,,,,,,,,,,,,,,,,,,,,,,,,,,,,,,,,,,,,,,,,,,,,,,,,,,,,,,,,,,,,,,,,,,,,,,,,,,,,,,,,,682.0,234.0,448.0,3744.0,0.0,3744.0,682.0,234.0,448.0,,,,,,,682.0,,,,,,,,,,,,,,,,,,,08021305959_wifi,105.0,ZYOTAF220521,NOKIA,3AB3E810E58B,0.0,0.0,0.0,10.87,89.13,4.57,True,False,0.0,6.0,73.75,100.0,60.04,0.59,0.0,0.89,24.24,0.7,AOT5221ZY,Veena-s-S20-FE,PHONE,Samsung,Galaxy S20 FE,False,False,False,False,True,True,True,True,False,False,False,3744.0,3744.0,0.0,8165621760.0,8165621760.0,178603381760.0,682.0,682.0,234.0,448.0,682.0,234.0,448.0,,,0.59,0.0,0.89,0.0,0.0,0.0,73.75,100.0,60.04,6.0,0.0,24.24,0.7,True,False,False,False,False,False,False,False,True,True,True,True,False,,,,,,,,,,,,,,,,,,,,,,,,,,,,,,,,,,,,,,,,
,Karnataka,Bangalore,,,,,,,,,,,,,,,,,,,,,,,,,,,,,,,,,,,,,,,,,,,,,,,,,,,,,,,,,,,,,,,,,,,,,,,,,,,,,,,,,,,,,,,,,,,,,,,,,,,,,,,,,,,494.0,0.0,494.0,,,,494.0,,494.0,,,,,,,494.0,,,,,,,,,,,,,,,,,,,080101842220_kk,105.0,ZYOTEF108503,NOKIA,8E5749ADB398,,,,0.0,100.0,7.36,,,0.0,,0.0,0.0,0.0,0.0,,0.0,0.12,0.03,AOT5221ZY,,,,,,,,False,,False,False,False,False,,False,,,,48061440.0,48061440.0,653375488.0,494.0,494.0,,494.0,494.0,0.0,494.0,,,0.0,,0.0,,,,0.0,0.0,0.0,,0.0,0.12,0.03,,,False,,False,,,,False,False,False,,False,,,,,,,,,,,,,,,,,,,,,,,,,,,,,,,,,,,,,,,,
,Karnataka,Bangalore,,,,,,,,,,,,,,,,,,,,,,,,,,,,,,,,,,,,,,,,,,,,,,,,,,,,,,,,,,,,,,,,,,,,,,,,,,,,,,,,,,,,,,,,,,,,,,,,,,,,,,,,,,,344.0,1.0,343.0,16.0,0.0,16.0,344.0,1.0,343.0,,,,,,,344.0,,,,,,,,,,,,,,,,,,,08021305959_wifi,105.0,ZYOTAF220521,NOKIA,1ED79C8AA6B2,0.0,0.0,0.0,11.56,88.44,0.03,False,False,0.0,1.0,2.62,100.0,2.33,0.0,0.0,0.0,0.14,0.05,AOT5221ZY,Unknown_1e:d7:9c:8a:a6:b2,OTHER,,,False,False,False,False,False,False,True,False,False,False,False,16.0,16.0,0.0,52313088.0,52313088.0,178603381760.0,344.0,344.0,1.0,343.0,344.0,1.0,343.0,,,0.0,0.0,0.0,0.0,0.0,0.0,2.62,100.0,2.33,1.0,0.0,0.14,0.05,False,False,False,False,False,False,False,False,False,True,False,False,False,,,,,,,,,,,,,,,,,,,,,,,,,,,,,,,,,,,,,,,,
,Karnataka,Bangalore,,,,,,,,,,,,,,,,,,,,,,,,,,,,,,,,,,,,,,,,,,,,,,,,,,,,,,,,,,,,,,,,,,,,,,,,,,,,,,,,,,,,,,,,,,,,,,,,,,,,,,,,,,,772.0,54.0,718.0,864.0,0.0,864.0,772.0,54.0,718.0,,,,,,,772.0,,,,,,,,,,,,,,,,,,,08021305959_wifi,105.0,ZYOTAF220521,NOKIA,BADC35923F54,0.0,0.0,0.0,2.43,97.57,0.02,,,0.0,0.0,98.83,100.0,98.75,0.0,0.0,0.0,0.12,0.02,AOT5221ZY,Galaxy-S20-FE-5G,PHONE,Samsung Electronics,Galaxy,False,False,False,False,False,True,True,True,False,False,False,864.0,864.0,0.0,37993472.0,37993472.0,178603381760.0,772.0,772.0,54.0,718.0,772.0,54.0,718.0,,,0.0,0.0,0.0,0.0,0.0,0.0,98.83,100.0,98.75,0.0,0.0,0.12,0.02,,,False,False,False,False,False,False,True,True,True,False,False,,,,,,,,,,,,,,,,,,,,,,,,,,,,,,,,,,,,,,,,
,Karnataka,Bangalore,,,,,,,,,,,,,,,,,,,,,,,,,,,,,,,,,,,,,,,,,,,,,,,,,,,,,,,,,,,,,,,,,,,,,,,,,,,,,,,,,,,,,,,,,,,,,,,,,,,,,,,,,,,1045.0,0.0,1045.0,,,,1045.0,,1045.0,,,,,,,1045.0,,,,,,,,,,,,,,,,,,,08021305959_wifi,105.0,ZYOTAF220521,NOKIA,1CD6BEAA4661,,,,0.0,100.0,83.78,,,0.0,,40.77,0.0,40.77,0.0,,0.0,11.24,0.5,AOT5221ZY,,,,,,,,False,,False,False,False,False,,False,,,,149635700736.0,149635700736.0,178603381760.0,1045.0,1045.0,,1045.0,1045.0,0.0,1045.0,,,0.0,,0.0,,,,40.77,0.0,40.77,,0.0,11.24,0.5,,,False,,False,,,,False,False,False,,False,,,,,,,,,,,,,,,,,,,,,,,,,,,,,,,,,,,,,,,,
,Karnataka,Bangalore,,,,,,,,,,,,,,,,,,,,,,,,,,,,,,,,,,,,,,,,,,,,,,,,,,,,,,,,,,,,,,,,,,,,,,,,,,,,,,,,,,,,,,,,,,,,,,,,,,,,,,,,,,,225.0,0.0,225.0,,,,225.0,,225.0,,,,,,,225.0,,,,,,,,,,,,,,,,,,,08021305959_wifi,105.0,ZYOTAF220521,NOKIA,4663C272B14F,,,,0.0,100.0,0.02,False,False,0.0,0.0,0.0,0.0,0.0,0.0,,0.0,0.01,0.02,AOT5221ZY,AZYAPBE000049711,,,,,,,False,False,False,False,False,False,,False,,,,35759104.0,35759104.0,178603381760.0,225.0,225.0,,225.0,225.0,0.0,225.0,,,0.0,,0.0,,,,0.0,0.0,0.0,0.0,0.0,0.01,0.02,False,False,False,,False,,,,False,False,False,False,False,,,,,,,,,,,,,,,,,,,,,,,,,,,,,,,,,,,,,,,,
,Karnataka,Bangalore,,,,,,,,,,,,,,,,,,,,,,,,,,,,,,,,,,,,,,,,,,,,,,,,,,,,,,,,,,,,,,,,,,,,,,,,,,,,,,,,,,,,,,,,,,,,,,,,,,,,,,,,,,,1045.0,1045.0,0.0,16720.0,0.0,16720.0,1045.0,1045.0,,,,,,,,1045.0,,,,,,,,,,,,,,,,,,,08021305959_wifi,105.0,ZYOTAF220521,NOKIA,4CD08A27B074,0.0,0.0,0.0,100.0,0.0,0.13,,,0.0,,100.0,100.0,0.0,0.0,0.0,,0.0,0.01,AOT5221ZY,,,,,False,False,False,False,,True,True,False,False,False,,16720.0,16720.0,0.0,229298176.0,229298176.0,178603381760.0,1045.0,1045.0,1045.0,,1045.0,1045.0,0.0,,,0.0,0.0,,0.0,0.0,0.0,100.0,100.0,0.0,,0.0,0.0,0.01,,,False,False,,False,False,False,True,True,False,,False,,,,,,,,,,,,,,,,,,,,,,,,,,,,,,,,,,,,,,,,
080101842220_kk,Karnataka,Bangalore,105.0,ZYOTEF108503,NOKIA,6C4F89B50E99,AOT5221ZY,5.0,1.0,4.0,0.42,100.0,0.0,50.0,0.0,50.0,223.58,10.92,0.42,100.0,0.0,89.02,89.86,88.39,,0.0,0.0,0.0,0.0,0.0,0.0,0.0,0.0,0.0,0.0,0.0,0.0,0.0,0.0,0.0,0.0,,,,,,64.15,653375488.0,4.17,1.0,24.0,0.0,0.0,11.0,7.69,1.0,13.0,0.0,0.0,0.0,0.0,0.0,0.0,False,True,False,False,False,False,False,False,False,True,False,True,True,True,,False,False,False,False,False,False,False,False,False,False,,,,,,,False,False,False,False,False,False,False,False,60.18,0.0,False,0.0,False,True,1925.0,8.0,1917.0,120.0,0.0,120.0,1925.0,8.0,1917.0,2487.0,1075.0,1412.0,422.0,160.0,262.0,1925.0,420.0,159.0,261.0,422.0,160.0,262.0,,,653375488.0,24.0,11.0,13.0,226.0,113.0,113.0,24.0,11.0,13.0,080101842220_kk,105.0,ZYOTEF108503,NOKIA,,,,,,,,,,,,,,,,,,,,AOT5221ZY,,,,,,,,,,,,,,,,,,,,,,,,,,,,,6C4F89B50E99,5.0,0.42,100.0,0.0,50.0,50.0,0.0,0.42,100.0,0.0,,0.0,223.58,10.92,,,False,True,False,False,False,False,False,True,False,,False,89.02,89.86,88.39,0.0,0.0,0.0,0.0,0.0,,,,64.15,653375488.0,4.17,1.0,24.0,0.0,0.0,11.0,7.69,1.0,13.0,60.18,False,False,True,True,True,False,False,False,,,,,,,False,False,True
08021305959_wifi,Karnataka,Bangalore,105.0,ZYOTAF220521,NOKIA,6C4F89165033,AAP4221ZY,12.0,8.0,10.0,0.39,0.63,0.21,0.63,0.0,0.67,24.52,5.62,70.23,99.45,47.65,29.28,39.7,21.86,73.0,0.0,0.0,0.0,0.0,0.0,0.0,0.0,0.0,0.0,0.0,0.0,0.0,0.0,0.0,0.0,0.0,,,,1.0,0.0,97.68,178603381760.0,0.0,0.0,24.0,0.0,0.0,11.0,0.0,0.0,13.0,0.0,0.0,0.0,0.0,0.0,0.0,False,False,False,False,False,False,False,False,True,True,False,False,False,False,True,False,False,False,False,False,False,False,False,False,False,,,,,False,False,False,False,False,False,False,False,False,False,59.21,0.0,False,0.0,False,True,5839.0,2546.0,3293.0,40736.0,0.0,36000.0,5839.0,2546.0,3293.0,3234.0,1345.0,1889.0,617.0,223.0,394.0,5839.0,581.0,220.0,361.0,617.0,223.0,394.0,,,178603381760.0,24.0,11.0,13.0,304.0,152.0,152.0,24.0,11.0,13.0,08021305959_wifi,105.0,ZYOTAF220521,NOKIA,,,,,,,,,,,,,,,,,,,,AAP4221ZY,,,,,,,,,,,,,,,,,,,,,,,,,,,,,6C4F89165033,12.0,0.39,0.63,0.21,0.67,0.63,0.0,70.23,99.45,47.65,73.0,0.0,24.52,5.62,1.0,0.0,False,False,False,False,False,False,True,True,False,True,False,29.28,39.7,21.86,0.0,0.0,0.0,0.0,0.0,,,,97.68,178603381760.0,0.0,0.0,24.0,0.0,0.0,11.0,0.0,0.0,13.0,59.21,False,False,False,False,False,False,False,False,,,,,False,False,False,False,True
